Date,Harga Asli,Harga Prediksi,Selisih (Rp),Error (%)
2024-01-02,8834.9375,8840.420042700045,-5.482542700045087,0.06205525166471282
2024-01-03,8764.6328125,8842.921156930475,-78.28834443047526,0.893230168397032
2024-01-04,8881.80859375,8860.794572711902,21.01402103809778,0.236596193402378
2024-01-05,8975.5458984375,8893.781626186068,81.76427225143198,0.9109671230767795
2024-01-08,8975.5458984375,8925.845552976103,49.700345461396864,0.5537306145362022
2024-01-09,9022.4169921875,8963.337555287493,59.07943690000684,0.654807209101105
2024-01-10,8952.1123046875,9000.81084386573,-48.69853917822911,0.5439893683274015
2024-01-11,8975.5458984375,9016.70916535876,-41.16326692125949,0.4586157475772628
2024-01-12,9092.7216796875,9036.75518214081,55.966497546689425,0.6155087499457356
2024-01-15,9116.1552734375,9061.805958879468,54.34931455803235,0.5961868016486562
2024-01-16,9092.7216796875,9071.427233682758,21.294446004741985,0.23419221169292226
2024-01-17,9139.591796875,9110.2106781838,29.381118691200754,0.32147079808582607
2024-01-18,9069.287109375,9128.632994092493,-59.34588471749339,0.6543610760337165
2024-01-19,9022.4169921875,9110.176766124492,-87.75977393699213,0.9726858558297984
2024-01-22,9022.4169921875,9086.586063625462,-64.16907143796197,0.7112181967817038
2024-01-23,8998.9814453125,9063.381072114093,-64.3996268015926,0.7156323989881974
2024-01-24,8928.6767578125,9014.04365880431,-85.36690099181033,0.9560980121395387
2024-01-25,8905.2421875,8975.73027285224,-70.48808535224089,0.7915347372717467
2024-01-26,8764.6328125,8917.652747134342,-153.01993463434155,1.7458795811286767
2024-01-29,8952.1123046875,8901.30520822757,50.80709645993011,0.5675431086060719
2024-01-30,9045.8505859375,8910.637043890614,135.21354204688578,1.4947576323788287
2024-01-31,8952.1123046875,8914.728479273797,37.38382541370265,0.4175978153684215
2024-02-01,9092.7216796875,8956.136115013258,136.58556467424205,1.502141707244428
2024-02-02,9092.7216796875,9030.108656929164,62.61302275833623,0.6886059528051905
2024-02-05,8975.5458984375,9035.702588373826,-60.156689936326075,0.6702287595320348
2024-02-06,9022.4169921875,9030.350615762592,-7.933623575092497,0.08793235318166087
2024-02-07,9092.7216796875,9061.447654764319,31.27402492318106,0.34394569662288277
2024-02-12,9186.4599609375,9081.470671116575,104.98928982092548,1.1428699441064247
2024-02-13,9116.1552734375,9086.54525085337,29.610022584129183,0.32480822996078584
2024-02-15,9233.330078125,9144.786252179167,88.5438259458333,0.9589587418260452
2024-02-16,9327.0703125,9212.792810310357,114.2775021896432,1.225223980958846
2024-02-19,9256.7646484375,9249.496973139292,7.267675298207905,0.07851204577654089
2024-02-20,9397.3740234375,9295.478977935973,101.89504550152742,1.0842927529264696
2024-02-21,9350.50390625,9346.669096640268,3.834809609732474,0.04101179624307987
2024-02-22,9256.7646484375,9350.51692105169,-93.75227261419059,1.0127974100542305
2024-02-23,9209.8955078125,9322.287816285943,-112.39230847344334,1.2203429276488973
2024-02-26,9186.4599609375,9304.318895316846,-117.85893437934646,1.2829635668201256
2024-02-27,9256.7646484375,9269.728525993265,-12.963877555765066,0.14004760894459287
2024-02-28,9373.939453125,9270.456344903027,103.48310822197345,1.1039447047791116
2024-02-29,9256.7646484375,9268.130047721224,-11.3653992837244,0.12277939123841534
2024-03-01,9209.8955078125,9266.909455180672,-57.01394736817201,0.6190509688172754
2024-03-04,9139.591796875,9254.801504209287,-115.20970733428658,1.2605563781708387
2024-03-05,9186.4599609375,9237.799006683494,-51.339045745993644,0.5588555979593511
2024-03-06,9327.0703125,9225.714227404373,101.35608509562735,1.086687262985371
2024-03-07,9491.11328125,9275.598254738448,215.5150265115517,2.2707033424341123
2024-03-08,9514.5498046875,9341.675838606548,172.8739660809515,1.8169432041417484
2024-03-13,9373.939453125,9393.529924004146,-19.59047087914587,0.20898866455356688
2024-03-14,9678.591796875,9503.411042777863,175.18075409713674,1.809981842128094
2024-03-15,9514.5498046875,9543.682973296418,-29.133168608917913,0.3061959757104322
2024-03-18,9514.5498046875,9546.9206610574,-32.37085636990014,0.3402247824059117
2024-03-19,9537.982421875,9550.696800609923,-12.71437873492323,0.13330260187692616
2024-03-20,9491.11328125,9575.753178327195,-84.6398970771952,0.8917804958076314
2024-03-21,9491.11328125,9532.054752481976,-40.94147123197581,0.4313663741940264
2024-03-22,9467.6787109375,9520.494157928058,-52.815446990558485,0.5578500137477589
2024-03-25,9661.8759765625,9551.511884096804,110.36409246569565,1.1422636011206693
2024-03-26,9637.900390625,9571.2604298054,66.63996081960067,0.6914364967334882
2024-03-27,9661.8759765625,9606.858746754671,55.0172298078287,0.5694259576637902
2024-03-28,9661.8759765625,9642.959778061975,18.916198500524843,0.1957818393282134
2024-04-01,9446.1015625,9637.960981949609,-191.85941944960905,2.0310963012643244
2024-04-02,9494.0517578125,9597.78480821837,-103.73305040587002,1.0926109637069314
2024-04-03,9134.427734375,9484.657565455711,-350.22983108071094,3.834173757406977
2024-04-04,9446.1015625,9434.031946134937,12.069616365062757,0.12777351889776228
2024-04-05,9422.126953125,9377.606219500123,44.52073362487681,0.47251256373817796
2024-04-16,9086.478515625,9297.941333284343,-211.46281765934327,2.327225198361657
2024-04-17,9134.427734375,9218.116349231093,-83.68861485609341,0.9161889205292354
2024-04-18,9086.478515625,9210.198515402824,-123.71999977782434,1.3615835833989691
2024-04-19,9086.478515625,9129.986309075779,-43.50779345077899,0.4788190867998368
2024-04-22,8966.603515625,9030.15952393485,-63.55600830984986,0.7088080586935577
2024-04-23,9326.2265625,9087.427693585929,238.79886891407114,2.5605089830678356
2024-04-24,9542.0009765625,9180.692018745358,361.3089578171421,3.7865114319795787
2024-04-25,9374.177734375,9247.75899612032,126.41873825468065,1.3485848235104891
2024-04-26,9230.328125,9282.589501230623,-52.26137623062277,0.5661919654738468
2024-04-29,9398.1513671875,9382.039795945146,16.11157124235433,0.17143340868722243
2024-04-30,9398.1513671875,9398.957121452147,-0.8057542646474758,0.008573539977879784
2024-05-02,9158.40234375,9314.991015216923,-156.5886714669232,1.7097815272746182
2024-05-03,9446.1015625,9333.44551595461,112.65604654538947,1.1926194716413148
2024-05-06,9398.1513671875,9373.649934141813,24.50143304568701,0.26070481404705587
2024-05-07,9302.2529296875,9354.34573451735,-52.09280482985014,0.5600020255695213
2024-05-08,8990.5791015625,9264.832222591771,-274.2531210292709,3.050450009183587
2024-05-13,9134.427734375,9262.065103703013,-127.63736932801294,1.3973220111828517
2024-05-14,9158.40234375,9195.383595543279,-36.981251793278716,0.40379588497240415
2024-05-15,9110.453125,9131.31356418928,-20.86043918928044,0.22897257582103459
2024-05-16,9206.3525390625,9111.032653354894,95.31988570760586,1.035370797535334
2024-05-17,9350.2021484375,9190.585556089125,159.61659234837498,1.7070924223285193
2024-05-20,9086.478515625,9180.527920414368,-94.04940478936805,1.0350478970223924
2024-05-21,8990.5791015625,9142.933308106753,-152.35420654425252,1.6945983659470212
2024-05-22,9038.529296875,9126.867146429477,-88.33784955447663,0.977347604383146
2024-05-27,8918.654296875,9061.501707460571,-142.8474105855712,1.6016700034625557
2024-05-28,8918.654296875,8964.661128091264,-46.00683121626389,0.5158494733043324
2024-05-29,8774.8046875,8898.536024689405,-123.73133718940517,1.4100751138730707
2024-05-30,8630.9560546875,8821.655096054967,-190.69904136746663,2.2094776078010194
2024-05-31,8870.705078125,8786.468295644032,84.23678248096803,0.949606392491781
2024-06-03,8894.6796875,8784.279111550084,110.40057594991595,1.2411978826518697
2024-06-04,8966.603515625,8798.371834378135,168.23168124686526,1.8762029675306657
2024-06-05,9062.50390625,8864.425468330506,198.0784379194938,2.1856921659684807
2024-06-06,9086.478515625,8970.168328368321,116.31018725667855,1.280035902320937
2024-06-07,8942.62890625,8989.981657048185,-47.3527507981853,0.529517117333254
2024-06-10,9134.427734375,9046.302556430093,88.12517794490668,0.9647586089413234
2024-06-11,8918.654296875,9035.405470871545,-116.75117399654482,1.309067154194475
2024-06-12,8870.705078125,8993.247247579238,-122.54216945423832,1.3814253588074425
2024-06-13,8822.7548828125,8935.396480731759,-112.64159791925886,1.2767168465565621
2024-06-14,8822.7548828125,8910.052202259209,-87.29731944670857,0.9894564748338571
2024-06-19,8678.90625,8809.794911096767,-130.88866109676746,1.5081239193794433
2024-06-20,9038.529296875,8840.660267142064,197.86902973293581,2.1891728536117867
2024-06-21,9206.3525390625,8916.152226561226,290.2003125012743,3.1521746671111726
2024-06-24,9206.3525390625,9002.125738341012,204.22680072148796,2.2183247910065886
2024-06-25,9206.3525390625,9088.531244462965,117.82129459953467,1.2797825642633127
2024-06-26,9110.453125,9185.671948694808,-75.21882369480772,0.8256320806744475
2024-06-27,9350.2021484375,9254.24741175976,95.95473667774058,1.0262316809244114
2024-06-28,9518.025390625,9320.02721734878,197.99817327622077,2.0802442224123885
2024-07-01,9470.0771484375,9374.034883884453,96.04226455304706,1.0141655981006807
2024-07-02,9494.0517578125,9434.869323097135,59.18243471536516,0.623363303940964
2024-07-03,9589.951171875,9539.47779999232,50.4733718826792,0.5263152124351306
2024-07-04,9422.126953125,9552.99898741063,-130.87203428563043,1.3889861061808833
2024-07-05,9542.0009765625,9555.09922969644,-13.09825313393958,0.13726945916388092
2024-07-08,9637.900390625,9589.553229186688,48.34716143831247,0.5016358281243581
2024-07-09,9661.8759765625,9622.476823883719,39.39915267878132,0.4077795324050386
2024-07-10,9685.8505859375,9640.199064855115,45.65152108238544,0.47132175617766664
2024-07-11,9661.8759765625,9689.061748628676,-27.18577206617556,0.2813715693735049
2024-07-12,9661.8759765625,9710.753998806496,-48.878022243996384,0.5058854239338538
2024-07-15,9637.900390625,9704.92090849007,-67.02051786507036,0.6953850439278528
2024-07-16,9542.0009765625,9672.605050137183,-130.60407357468284,1.3687283610165053
2024-07-17,9398.1513671875,9601.746845347287,-203.59547815978658,2.166335380281439
2024-07-18,9685.8505859375,9601.95836375203,83.89222218547002,0.8661316984103573
2024-07-19,9709.8251953125,9609.090838459852,100.73435685264849,1.0374476865070532
2024-07-22,9685.8505859375,9616.657831448361,69.19275448913868,0.7143694183100127
2024-07-23,9757.7744140625,9662.03703291064,95.73738115185915,0.9811395210560147
2024-07-24,9661.8759765625,9718.33752569194,-56.461549129440755,0.5843746004026915
2024-07-25,9877.6494140625,9758.216664274316,119.43274978818408,1.209121166197207
2024-07-26,9901.625,9799.033310822226,102.59168917777424,1.0361096201661268
2024-07-29,9829.7001953125,9829.374183314643,0.32601199785676727,0.003316601639714637
2024-07-30,9757.7744140625,9827.590687382755,-69.81627332025528,0.7154938242847565
2024-07-31,9853.6748046875,9869.517817192807,-15.843012505307343,0.1607827822547041
2024-08-01,9949.5732421875,9881.82892026367,67.74432192383028,0.6808766594790764
2024-08-02,9781.75,9853.027676697828,-71.2776766978277,0.7286802126186798
2024-08-05,9470.0771484375,9773.051356339385,-302.97420790188517,3.199279194382
2024-08-06,9589.951171875,9735.389396974895,-145.43822509989513,1.5165689844848236
2024-08-07,9685.8505859375,9697.148903063013,-11.298317125512767,0.11664765035624587
2024-08-08,9805.724609375,9663.39632537669,142.32828399830942,1.4514815545832587
2024-08-09,9733.7998046875,9651.991803593177,81.80800109432312,0.8404528831066248
2024-08-12,9781.75,9722.160639342153,59.589360657846555,0.6091891599953644
2024-08-13,9877.6494140625,9785.434250749206,92.2151633132944,0.9335739652999889
2024-08-14,9781.75,9804.471760419021,-22.72176041902094,0.232287273944038
2024-08-15,9805.724609375,9802.780987886395,2.943621488604549,0.03001941830785487
2024-08-16,9901.625,9839.828820686616,61.79617931338362,0.6241013905635047
2024-08-19,9949.5732421875,9876.284555624734,73.28868656276609,0.736601307199915
2024-08-20,9997.5234375,9901.934349724084,95.58908777591569,0.9561276687521212
2024-08-21,9997.5234375,9948.6978838871,48.82555361289997,0.48837648561801605
2024-08-22,9901.625,9970.052116737112,-68.42711673711165,0.6910695642090227
2024-08-23,9901.625,9970.046108073444,-68.42110807344397,0.6910088805973158
2024-08-26,9901.625,9958.52019718455,-56.89519718455085,0.5746046450411003
2024-08-27,9781.75,9909.178988726328,-127.42898872632759,1.3027217903373893
2024-08-28,9925.599609375,9892.37182109741,33.22778827759066,0.3347685740436891
2024-08-29,9805.724609375,9871.541287691538,-65.81667831653795,0.6712066771038248
2024-08-30,9901.625,9870.479488576231,31.145511423768767,0.3145494948937045
2024-09-02,9853.6748046875,9855.433977858305,-1.7591731708052976,0.017852965575527617
2024-09-03,9757.7744140625,9848.766748318672,-90.9923342561724,0.9325111484954809
2024-09-04,9877.6494140625,9836.522408802986,41.12700525951368,0.41636429413016474
2024-09-05,9829.7001953125,9841.664626955226,-11.964431642725685,0.12171715723772712
2024-09-06,9877.6494140625,9835.104181635386,42.54523242711366,0.430722236067048
2024-09-09,9853.6748046875,9834.57836008065,19.096444606850127,0.19380023174466587
2024-09-10,9925.599609375,9872.503029753494,53.09657962150595,0.5349458139672971
2024-09-11,9997.5234375,9898.244534505826,99.27890299417413,0.9930349612563649
2024-09-12,10045.474609375,9945.841224664375,99.63338471062525,0.9918235681730935
2024-09-13,9997.5234375,9972.461342053051,25.06209544694866,0.2506830376905396
2024-09-17,10069.4482421875,10020.932250441341,48.51599174615876,0.48181380527776646
2024-09-18,10189.322265625,10079.971840805043,109.35042481995697,1.073186439385324
2024-09-19,10453.046875,10181.603019683304,271.4438553166965,2.5967917159722536
2024-09-20,10333.171875,10244.307646303134,88.86422869686612,0.8599898440851796
2024-09-23,10500.9970703125,10355.265286986918,145.731783325582,1.3877899627034669
2024-09-24,10357.146484375,10418.048858215667,-60.90237384066677,0.5880227139062416
2024-09-25,10405.0966796875,10462.646360111106,-57.54968042360633,0.5530912609005642
2024-09-26,10261.248046875,10416.595168262105,-155.3471213871053,1.5139203406589055
2024-09-27,10213.2978515625,10386.139812932375,-172.8419613698752,1.692322733380704
2024-09-30,9901.625,10250.281991076343,-348.6569910763428,3.521209812291849
2024-10-01,10117.3974609375,10194.063285960885,-76.66582502338497,0.7577623130788907
2024-10-02,10069.4482421875,10115.106959305485,-45.65871711798536,0.4534381231207005
2024-10-03,10021.4990234375,10059.244804496619,-37.7457810591186,0.37664805405699997
2024-10-04,10045.474609375,10019.351916212874,26.12269316212587,0.26004438991609924
2024-10-07,9877.6494140625,10014.151297331893,-136.50188326939315,1.381926787916361
2024-10-08,9973.548828125,9980.521574827246,-6.972746702245786,0.0699123934961137
2024-10-09,9997.5234375,9963.544427264382,33.97901023561826,0.33987427434443823
2024-10-10,10069.4482421875,9973.984152715326,95.46408947217424,0.9480568068487882
2024-10-11,9949.5732421875,9952.87505990784,-3.301817720339386,0.03318552102656267
2024-10-14,10069.4482421875,9996.281448572707,73.16679361479328,0.7266216763322717
2024-10-15,10189.322265625,10044.7879182186,144.53434740639932,1.4184883315939931
2024-10-16,10045.474609375,10056.814821352837,-11.340211977836589,0.11288876254043057
2024-10-17,10285.22265625,10107.193321577477,178.02933467252296,1.7309234872454633
2024-10-18,10309.1962890625,10189.390606235473,119.80568282702734,1.162124373886786
2024-10-21,10237.2724609375,10229.362843067041,7.909617870458533,0.07726294186893402
2024-10-22,10069.4482421875,10204.098636609606,-134.65039442210582,1.3372172057845961
2024-10-23,10213.2978515625,10243.979983293933,-30.6821317314334,0.30041356060853
2024-10-24,10261.248046875,10238.359397981209,22.88864889379147,0.22305911317251578
2024-10-25,10309.1962890625,10237.672766744497,71.5235223180025,0.6937836889756877
2024-10-28,10165.3486328125,10218.604744089775,-53.25611127727461,0.5238985223327256
2024-10-29,10069.4482421875,10218.563363066009,-149.1151208785086,1.4808668488285972
2024-10-30,9925.599609375,10154.071313369068,-228.47170399406787,2.3018428405904072
2024-10-31,9829.7001953125,10056.941161375025,-227.24096606252533,2.3117792155135106
2024-11-01,9997.5234375,9986.4172315661,11.106205933900128,0.1110895713656598
2024-11-04,9949.5732421875,9936.352979312478,13.220262875021945,0.1328726625074359
2024-11-05,10069.4482421875,9935.724152802766,133.72408938473382,1.3280180419864138
2024-11-06,10021.4990234375,9957.479934204495,64.0190892330047,0.6388174970958123
2024-11-07,9757.7744140625,9943.870859304507,-186.09644524200667,1.9071607658177891
2024-11-08,9661.8759765625,9869.217380415912,-207.34140385341198,2.145974594958316
2024-11-11,9637.900390625,9800.911710728155,-163.0113201031545,1.6913571783924977
2024-11-12,9733.7998046875,9727.43622223892,6.363582448579109,0.06537613857144053
2024-11-13,9733.7998046875,9663.791800485109,70.00800420239102,0.7192258481490169
2024-11-14,9685.8505859375,9650.882586468319,34.96799946918145,0.3610214627918181
2024-11-15,9757.7744140625,9676.790771711405,80.98364235109511,0.8299396861889413
2024-11-18,9589.951171875,9670.647060113422,-80.69588823842241,0.8414629729824263
2024-11-19,9518.025390625,9625.101910001375,-107.07651937637456,1.1249866961044468
2024-11-20,9661.8759765625,9612.623390616007,49.25258594649313,0.5097621421136913
2024-11-21,9493.21484375,9574.235757201119,-81.02091345111876,0.8534612856092696
2024-11-22,9493.21484375,9519.541591196474,-26.326747446473746,0.27732172798982163
2024-11-25,9806.4423828125,9572.717495351186,233.7248874613142,2.3833810299131297
2024-11-26,9637.78125,9603.296457781622,34.48479221837806,0.35780841382323403
2024-11-28,9637.78125,9599.695052095796,38.0861979042038,0.3951759945184873
2024-11-29,9637.78125,9634.008465972875,3.7727840271254536,0.0391457735889726
2024-12-02,9396.8369140625,9616.419112827885,-219.58219876538533,2.3367671565819927
2024-12-03,9830.537109375,9624.617536421309,205.9195729536914,2.094693002657138
2024-12-04,9830.537109375,9670.217685321233,160.31942405376685,1.6308307701811784
2024-12-05,9878.7255859375,9726.27292402978,152.45266190772054,1.5432421984141251
2024-12-06,9710.0654296875,9742.825211181087,-32.75978149358707,0.33737961634560665
2024-12-09,9975.103515625,9873.10686008085,101.99665554414969,1.0225122514706955
2024-12-10,9975.103515625,9903.719061832202,71.38445379279801,0.7156261955676091
2024-12-11,10047.38671875,9950.991932005154,96.39478674484599,0.9594015781731403
2024-12-12,9806.4423828125,9934.414253259656,-127.9718704471561,1.3049775387601228
2024-12-13,9685.970703125,9929.001343121234,-243.03063999623373,2.5090994743337847
2024-12-16,9734.1591796875,9874.119506735682,-139.96032704818208,1.437826569964467
2024-12-17,9541.404296875,9775.47803531134,-234.07373843634014,2.453242008757599
2024-12-18,9445.025390625,9638.454393260467,-193.42900263546653,2.0479458194729836
2024-12-19,9324.5537109375,9530.71191793301,-206.15820699550932,2.2109176844966876
2024-12-20,9300.458984375,9443.85281195377,-143.39382757876956,1.5417930213946938
2024-12-23,9420.9306640625,9372.95437644967,47.976287612829765,0.5092521038907785
2024-12-24,9396.8369140625,9342.006832197767,54.830081864733074,0.5834950884661952
2024-12-27,9445.025390625,9343.218280401465,101.80711022353535,1.0778913344646766
2024-12-30,9324.5537109375,9345.543675381723,-20.989964444223006,0.2251042258419535
2025-01-02,9541.404296875,9401.691521293864,139.71277558113616,1.4642789597218395
2025-01-03,9493.21484375,9417.065520278753,76.14932347124704,0.8021447394228215
2025-01-06,9324.5537109375,9402.51348892784,-77.95977799033972,0.8360698045944503
2025-01-07,9179.986328125,9346.740273522073,-166.75394539707304,1.816494485249765
2025-01-08,9324.5537109375,9350.93886790304,-26.385156965539863,0.28296428744456315
2025-01-09,9493.21484375,9341.622340922244,151.5925028277561,1.596851070188929
2025-01-10,9372.7421875,9317.700602323357,55.04158517664291,0.5872516716617829
2025-01-13,9324.5537109375,9322.313836945743,2.239873991757122,0.02402124606917968
2025-01-14,9179.986328125,9328.484808201349,-148.49848007634864,1.6176329110795011
2025-01-15,9445.025390625,9359.10737925812,85.91801136688082,0.9096641651399037
2025-01-16,9396.8369140625,9339.057145564111,57.779768498388876,0.6148852962630503
2025-01-17,9541.404296875,9379.156204836892,162.24809203810764,1.700463443219224
2025-01-20,9276.3642578125,9370.34310170249,-93.97884388999046,1.0130999740641062
2025-01-21,9228.17578125,9382.835003873302,-154.6592226233024,1.675945780503469
2025-01-22,9252.2705078125,9339.20943433947,-86.93892652696923,0.9396496400916845
2025-01-23,9252.2705078125,9306.529423597289,-54.25891578478877,0.5864389258720141
2025-01-24,9011.3251953125,9188.72909308753,-177.4038977750297,1.9686771249506279
2025-01-30,8818.5693359375,9088.565720511453,-269.99638457395304,3.0616801239364504
2025-01-31,9107.7041015625,9064.333962547142,43.37013901535829,0.4761917880919934
2025-02-03,9011.3251953125,9011.497305736806,-0.1721104243060836,0.001909934671934953
2025-02-04,8842.6640625,8922.610180693973,-79.94611819397323,0.904095390584937
2025-02-05,8794.4755859375,8878.046213720501,-83.57062778300133,0.9502627753794898
2025-02-06,8625.814453125,8839.015202837207,-213.20074971220674,2.471659353105693
2025-02-07,9011.3251953125,8819.591337204396,191.73385810810396,2.1276988007029183
2025-02-10,8818.5693359375,8779.215695944635,39.35363999286528,0.44625878069009484
2025-02-11,8746.287109375,8762.229992684075,-15.942883309075114,0.18228172834603384
2025-02-12,8818.5693359375,8771.699258455274,46.87007748222641,0.5314929859565896
2025-02-13,8674.0029296875,8787.435280777734,-113.43235109023408,1.3077278392655642
2025-02-14,8649.9091796875,8708.555859745326,-58.646680057825506,0.6780034199150315
2025-02-17,8987.23046875,8750.796159843603,236.43430890639684,2.6307805249739142
2025-02-18,8963.13671875,8803.39646944824,159.74024930175983,1.7821913724421827
2025-02-19,8625.814453125,8766.367004485122,-140.55255136012238,1.6294409313337637
2025-02-20,8674.0029296875,8770.357587284176,-96.35465759667568,1.1108441901361805
2025-02-21,8674.0029296875,8779.797605517118,-105.79467582961843,1.2196753527431643
2025-02-24,8601.7197265625,8696.366387769644,-94.64666120714355,1.1003225426523766
2025-02-25,8505.3427734375,8597.140554622962,-91.79778118546164,1.0792954926184695
2025-02-26,8457.1533203125,8562.243323973486,-105.09000366098553,1.2426167491675835
2025-02-27,8216.2080078125,8462.157129360168,-245.94912154766826,2.9934626936635973
2025-02-28,8119.8310546875,8341.750264462644,-221.91920977514383,2.733052058355722
2025-03-03,8481.248046875,8319.450054511637,161.79799236336294,1.9077144244469892
2025-03-04,8529.4365234375,8327.052747387668,202.3837760498318,2.37276841786341
2025-03-05,8674.0029296875,8377.611131449046,296.3917982384537,3.417012890600117
2025-03-06,8649.9091796875,8476.28258948094,173.62659020656065,2.0072648926105066
2025-03-07,8601.7197265625,8587.95878310619,13.760943456309178,0.15997897971279815
2025-03-10,8601.7197265625,8616.74909218246,-15.029365619959208,0.1747251258785827
2025-03-11,8601.7197265625,8634.247726260957,-32.52799969845728,0.37815693526969196
2025-03-12,8794.4755859375,8662.23426732466,132.24131861283968,1.5036862325741804
2025-03-13,8649.9091796875,8662.40632508939,-12.49714540189052,0.14447718631818066
2025-03-14,8433.05859375,8625.81774865274,-192.7591549027402,2.285756143632157
2025-03-17,8288.4921875,8558.22185521648,-269.7296677164795,3.254267020040906
2025-03-18,7999.3583984375,8428.119896211841,-428.7614977743415,5.35994859110314
2025-03-19,8023.45263671875,8255.578391276655,-232.12575455790466,2.893090606599931
2025-03-20,8071.64208984375,8127.791048419306,-56.14895857555621,0.695632412222618
2025-03-21,7848.119140625,8000.442040334152,-152.3228997091519,1.9408841402606607
2025-03-24,7897.791015625,7916.278142192299,-18.48712656729913,0.23407971331128127
2025-03-25,7997.13427734375,7919.51438818733,77.61988915641996,0.9705962969300226
2025-03-26,8469.0146484375,8023.392003830161,445.62264460733877,5.261800375909781
2025-03-27,8444.1787109375,8106.376191028159,337.80251990934084,4.000418885874538
2025-04-08,7723.93994140625,8084.360767090242,-360.420825683992,4.666282084248993
2025-04-09,7872.955078125,8082.221742803955,-209.26666467895484,2.6580446935408295
2025-04-10,8170.98486328125,8125.1780877669335,45.80677551431654,0.5606028683294092
2025-04-11,8220.65625,8071.544637059558,149.11161294044177,1.8138650784776673
2025-04-14,8344.8359375,8051.148255486876,293.6876820131238,3.519394320184905
2025-04-15,8518.6865234375,8233.44196548409,285.24455795341055,3.348457032297361
2025-04-16,8419.3427734375,8359.581385646876,59.76138779062421,0.7098106039721729
2025-04-17,8444.1787109375,8423.099582720493,21.079128217006655,0.2496291106404874
2025-04-21,8245.4921875,8432.626966726915,-187.13477922691527,2.2695404345978014
2025-04-22,8444.1787109375,8456.972348678037,-12.793637740536724,0.15150837255452085
2025-04-23,8667.701171875,8489.346948281634,178.35422359336553,2.05768773123017
2025-04-24,8419.3427734375,8488.657221912817,-69.31444847531748,0.823276238306869
2025-04-25,8543.5224609375,8506.947098876497,36.575362061003034,0.42810634873650855
2025-04-28,8717.373046875,8609.906089983831,107.46695689116859,1.2327906160869564
2025-04-29,8667.701171875,8656.766155781888,10.935016093111699,0.1261582036145142
2025-04-30,8767.044921875,8672.479708823017,94.56521305198294,1.0786441029408842
2025-05-02,8916.0595703125,8778.746058059454,137.3135122530457,1.540069479910765
2025-05-05,8916.0595703125,8857.303787786173,58.755782526326584,0.6589882230258276
2025-05-06,8965.7314453125,8909.115143814473,56.61630149802659,0.6314744295361083
2025-05-07,9015.4033203125,8984.453119666485,30.95020064601522,0.34330356109838905
2025-05-08,8916.0595703125,9005.240551797717,-89.18098148521676,1.0002286411607169
2025-05-09,8940.8955078125,9003.225146601937,-62.32963878943701,0.6971297084836049
2025-05-14,9214.08984375,9063.562374340285,150.5274694097152,1.6336661782370108
2025-05-15,9214.08984375,9113.26027977955,100.82956397045018,1.0942975994405328
2025-05-16,9238.9248046875,9157.894194708917,81.03060997858302,0.8770567105110649
2025-05-19,9437.611328125,9270.503772248274,167.1075558767261,1.7706552014780406
2025-05-20,9412.7763671875,9371.034980449134,41.74138673836569,0.4434545676010557
2025-05-21,9636.298828125,9459.241338550835,177.05748957416472,1.8374013999793735
2025-05-22,9586.626953125,9534.13544047282,52.49151265217915,0.5475493404389563
2025-05-23,9611.462890625,9610.692078318563,0.7708123064367101,0.008019718904481842
2025-05-26,9561.791015625,9632.420432920897,-70.62941729589693,0.7386630515191226
2025-05-27,9387.9404296875,9619.276103828293,-231.33567414079334,2.4641791868346345
2025-05-28,9338.2685546875,9545.579151313324,-207.31059662582447,2.220011080338458
2025-06-02,9040.23828125,9419.406597500365,-379.168316250365,4.194229227749262
2025-06-03,8990.5673828125,9275.305799185415,-284.7384163729148,3.1670794984224973
2025-06-04,8916.0595703125,9126.764485408621,-210.7049150961211,2.363206677058306
2025-06-05,8866.3876953125,9007.77889898992,-141.39120367741998,1.5946878090179948
2025-06-10,9040.23828125,8939.170113342107,101.06816790789344,1.1179812385865417
2025-06-11,8990.5673828125,8927.658934191004,62.90844862149606,0.6997161129314238
2025-06-12,9065.07421875,8944.355002477094,120.71921627290612,1.3316958400981775
2025-06-13,8965.7314453125,8955.345612824485,10.385832488014785,0.11583921012317124
2025-06-16,8866.3876953125,8955.976647343241,-89.58895203074098,1.0104335058358103
2025-06-17,9015.4033203125,8951.105745074843,64.29757523765693,0.7131968804189693
2025-06-18,8841.5517578125,8920.01046553154,-78.45870771904083,0.8873861723391913
2025-06-19,8717.373046875,8844.402339129,-127.0292922539993,1.457196928144961
2025-06-20,8642.865234375,8775.741563986943,-132.87632961194322,1.5374106388175337
2025-06-23,8568.3583984375,8713.684148989512,-145.32575055201232,1.6960746013905472
2025-06-24,8717.373046875,8651.82053392575,65.55251294925074,0.7519755389239648
2025-06-25,8543.5224609375,8591.376093599982,-47.85363266248169,0.5601159578063614
2025-06-26,8593.1943359375,8570.306985787602,22.88735014989834,0.2663427504971162
2025-06-30,8618.029296875,8571.400924474348,46.62837240065164,0.5410560906025191
2025-07-01,8642.865234375,8593.58039618743,49.28483818757013,0.570237263350481
2025-07-02,8618.029296875,8576.004692562037,42.024604312962765,0.487635895229567
2025-07-03,8543.5224609375,8578.698613629427,-35.1761526919272,0.411728919222239
2025-07-04,8593.1943359375,8581.587142925084,11.607193012416246,0.13507425246830435
2025-07-07,8568.3583984375,8572.668743645281,-4.310345207781211,0.05030537948281006
2025-07-08,8444.1787109375,8530.445299810503,-86.26658887300255,1.0216101746077915
2025-07-09,8444.1787109375,8494.398716218113,-50.220005280612895,0.5947293040537427
2025-07-10,8543.5224609375,8497.82108670411,45.70137423338929,0.5349242591957132
2025-07-11,8568.3583984375,8495.571858445275,72.78653999222479,0.8494805726788685
2025-07-14,8469.0146484375,8476.422379069249,-7.407730631748564,0.08746862461874784
2025-07-15,8493.8505859375,8490.357485065773,3.4931008717267105,0.041125056726450095
2025-07-16,8469.0146484375,8499.440842066477,-30.426193628976762,0.3592648601049507
2025-07-17,8469.0146484375,8484.700685520058,-15.68603708255796,0.1852167900719356
2025-07-18,8369.671875,8441.720376515126,-72.04850151512619,0.8608282689113925
2025-07-21,8394.5078125,8426.431331427173,-31.923518927173063,0.3802905380543782
2025-07-22,8344.8359375,8393.938677032844,-49.10273953284377,0.5884206699880823
2025-07-23,8369.671875,8373.190487121063,-3.518612121062688,0.042040024670174876
2025-07-24,8444.1787109375,8367.796286421772,76.38242451572842,0.9045571763751574
2025-07-25,8394.5078125,8374.843532214376,19.664280285624045,0.23425173607370497
2025-07-28,8444.1787109375,8387.483690794517,56.695020142982685,0.6714095246414818
2025-07-29,8344.8359375,8389.76209264169,-44.92615514168938,0.5383707418356825
2025-07-30,8320.0,8380.534063295916,-60.534063295915985,0.7275728761528364
2025-07-31,8220.65625,8331.873431989521,-111.21718198952112,1.3528990704303092
2025-08-01,8245.4921875,8300.247011657595,-54.75482415759507,0.6640576803965963
2025-08-04,8220.65625,8251.666077592252,-31.009827592251895,0.3772183953349454
2025-08-05,8369.671875,8258.19867508118,111.47319991882068,1.3318706107438731
2025-08-06,8245.4921875,8242.896456681676,2.5957308183242276,0.03148060490869548
2025-08-07,8245.4921875,8250.41987939421,-4.927691894210511,0.05976225290323837
2025-08-08,8245.4921875,8252.682038270248,-7.189850770248086,0.08719735107077968
2025-08-11,8493.8505859375,8316.077133279805,177.7734526576951,2.0929665627980145
2025-08-12,8791.880859375,8411.668388096703,380.212471278297,4.3245862558847925
2025-08-13,8866.3876953125,8550.6681434982,315.71955181429985,3.5608588600430267
2025-08-14,8717.373046875,8657.014660118111,60.35838675688865,0.6923919216526577
2025-08-15,8642.865234375,8745.759421809551,-102.89418743455099,1.1905101450073885
2025-08-19,8444.1787109375,8734.590205783978,-290.4114948464776,3.439191717606781
2025-08-20,8469.0146484375,8659.936286104587,-190.92163766708654,2.2543547932380874
2025-08-21,8493.8505859375,8573.97109880959,-80.12051287209033,0.9432766924901954
2025-08-22,8394.5078125,8500.647796058116,-106.139983558116,1.2643979364706321
2025-08-25,8419.3427734375,8449.3980891893,-30.055315751800663,0.35697935765987937
2025-08-26,8195.8203125,8394.98040370268,-199.16009120268063,2.4300202250521297
2025-08-27,8245.4921875,8344.578873220044,-99.08668572004353,1.2017073507177285
2025-08-28,8270.328125,8293.884981205974,-23.556856205974327,0.2848358112269497
2025-08-29,8021.97021484375,8210.801770480934,-188.83155563718356,2.353929902254836
2025-09-01,7947.46240234375,8105.178599240912,-157.71619689716226,1.9844849703302894
2025-09-02,7947.46240234375,8050.396678422328,-102.93427607857757,1.295184184177099
2025-09-03,7922.626953125,7979.512379024354,-56.88542589935423,0.7180121724261718
2025-09-04,7947.46240234375,7907.7828012706395,39.67960107311046,0.4992738444589399
2025-09-08,7649.4326171875,7827.85662924255,-178.4240120550503,2.3325130239614063
2025-09-09,7475.58203125,7725.785784295402,-250.20375304540175,3.346946792898277
2025-09-10,7748.77587890625,7686.036726404699,62.73915250155096,0.809665339171052
2025-09-11,7798.44775390625,7663.655031994791,134.792721911459,1.7284557922945782
2025-09-12,7872.955078125,7653.71648438116,219.23859374384028,2.784705254485632
2025-09-15,7972.29833984375,7732.878017120316,239.42032272343386,3.003153074777258
2025-09-16,7872.955078125,7829.136027538465,43.81905058653501,0.556576916185972
2025-09-17,7798.44775390625,7844.816321949306,-46.36856804305626,0.5945871474208466
2025-09-18,7649.4326171875,7816.72750512907,-167.29488794156987,2.1870234867573735
2025-09-19,7748.77587890625,7793.8484446940465,-45.07256578779652,0.5816733699898747
2025-09-22,7674.2685546875,7730.876020211929,-56.607465524429244,0.7376268516151026
2025-09-23,7823.28369140625,7724.128208780475,99.15548262577522,1.2674407133502765
2025-09-24,7723.93994140625,7710.12815371749,13.811787688759978,0.17881790632159358
2025-09-25,7649.4326171875,7714.327066825337,-64.89444963783717,0.8483563799493561
2025-09-26,7574.92529296875,7679.548384229522,-104.62309126077162,1.381176542531523
2025-09-29,7723.93994140625,7692.844514127904,31.095427278345596,0.4025850474529227
2025-09-30,7574.92529296875,7638.953081435181,-64.02778846643105,0.8452596691067484
2025-10-01,7450.74609375,7580.220018840284,-129.47392509028396,1.7377310065483529
2025-10-02,7450.74609375,7538.199215890507,-87.45312214050682,1.1737498639749135
2025-10-03,7475.58203125,7518.862520288105,-43.28048903810486,0.5789581180058014
2025-10-06,7450.74609375,7456.9017328150285,-6.155639065028481,0.08261775381383739
2025-10-07,7525.25341796875,7444.873694756629,80.37972321212055,1.0681331079188694
2025-10-08,7326.56689453125,7418.802908256308,-92.236013725058,1.258925429233513
2025-10-09,7500.41796875,7432.813471388125,67.60449736187456,0.9013430670603195
2025-10-10,7351.40283203125,7408.288008095197,-56.885176063947256,0.7738002849753975
2025-10-13,7276.8955078125,7373.31524563449,-96.41973782198966,1.3250119878521422
2025-10-14,7202.38818359375,7304.309949303207,-101.92176570945685,1.4151106981656925
2025-10-15,7202.38818359375,7280.170357047288,-77.78217345353823,1.0799497537596972
2025-10-16,7252.0595703125,7226.133694072186,25.92587624031421,0.35749673577484187
2025-10-17,7450.74609375,7251.504789621475,199.24130412852537,2.674112117384558
2025-10-20,7823.28369140625,7377.083915275135,446.19977613111496,5.703484543469363
2025-10-21,8419.3427734375,7653.8136696581705,765.5291037793295,9.092504300864505
2025-10-22,8146.14892578125,7866.882316543541,279.2666092377094,3.428204072649293
2025-10-23,8270.328125,8095.015058750518,175.3130662494823,2.1197836845135125
2025-10-24,8220.65625,8266.223795925063,-45.567545925063314,0.5543054537168284
2025-10-27,8295.1640625,8369.831551417605,-74.66748891760471,0.9001327563267193
2025-10-28,8220.65625,8319.67766292857,-99.0214129285705,1.2045438942732887
2025-10-29,8543.5224609375,8402.991987966596,140.53047297090416,1.6448774333237188
2025-10-30,8469.0146484375,8441.238160345552,27.776488091947613,0.32797780196391874
2025-10-31,8469.0146484375,8490.923466013774,-21.908817576273577,0.2586938207777887
2025-11-03,8593.1943359375,8550.854486119424,42.33984981807589,0.49271374721512917
2025-11-04,8593.1943359375,8628.37764640274,-35.18331046523963,0.40943226802284577
2025-11-05,8642.865234375,8641.13118475898,1.734049616019547,0.02006336520350642
2025-11-06,8493.8505859375,8639.932083326004,-146.08149738850443,1.7198500952013256
2025-11-07,8618.029296875,8664.614067045519,-46.58477017051882,0.5405501485984855
2025-11-10,8518.6865234375,8638.80828982988,-120.12176639237987,1.4100972733518051
2025-11-11,8344.8359375,8574.219999137546,-229.38406163754553,2.7488145166130837
2025-11-12,8444.1787109375,8520.000422564488,-75.82171162698796,0.8979169463665932
2025-11-13,8320.0,8472.968890524908,-152.9688905249077,1.8385683957320635
2025-11-14,8369.671875,8409.503932962149,-39.83205796214861,0.47590943297461835
2025-11-17,8518.6865234375,8403.584083513795,115.10243992370488,1.3511759073071068
2025-11-18,8344.8359375,8400.901057197992,-56.065119697992486,0.6718540678079388
2025-11-19,8419.3427734375,8392.455748451897,26.887024985602693,0.3193482639812406
2025-11-20,8369.671875,8402.970270472204,-33.29839547220399,0.397845888937002
2025-11-21,8344.8359375,8396.388604173202,-51.55266667320211,0.6177792716275569
2025-11-24,8419.3427734375,8372.816003898359,46.52676953914124,0.5526175948784303
2025-11-25,8444.1787109375,8393.831004477344,50.34770646015568,0.5962416024537917
2025-11-26,8369.671875,8382.32444559745,-12.652570597450904,0.15117164431790706
2025-11-27,8270.328125,8361.108864996015,-90.78073999601474,1.0976679355876795
2025-11-28,8220.65625,8334.533280153288,-113.8770301532877,1.3852547374583106
2025-12-01,8344.8359375,8319.295491723438,25.540445776561683,0.3060628868901796
2025-12-02,8320.0,8292.874294853393,27.125705146607288,0.3260301099351838
2025-12-03,8300.0,8279.336292674194,20.663707325806172,0.2489603292265804
2025-12-04,8225.0,8270.688426525676,-45.68842652567582,0.5554823893699188
2025-12-05,8300.0,8290.899564415411,9.100435584588922,0.10964380222396292
2025-12-08,8300.0,8282.09933231931,17.900667680689367,0.21567069494806465
2025-12-09,8100.0,8233.769538133538,-133.76953813353794,1.6514757794263943
2025-12-10,8075.0,8184.788574344421,-109.78857434442125,1.3596108277946903
2025-12-11,8000.0,8135.544752278699,-135.54475227869898,1.6943094034837372
2025-12-12,8000.0,8069.579916016523,-69.57991601652338,0.8697489502065423
2025-12-15,8300.0,8072.394507551053,227.6054924489472,2.7422348487824966
2025-12-16,8075.0,8068.890152606957,6.10984739304331,0.0756637448054899
2025-12-17,8025.0,8060.175665252306,-35.17566525230632,0.43832604675771114
2025-12-18,8175.0,8101.897078266359,73.10292173364087,0.8942253423075336
2025-12-19,8050.0,8115.581276452063,-65.58127645206332,0.8146742416405381
2025-12-22,8175.0,8088.926964186698,86.07303581330234,1.0528811720281632
2025-12-23,8025.0,8080.695474070841,-55.695474070840646,0.6940245990135906
2025-12-24,8025.0,8083.109767617116,-58.10976761711572,0.7241092537958346
